{"stats":{"minecraft:used":{"minecraft:cooked_mutton":7,"minecraft:cobblestone_stairs":9,"minecraft:oak_planks":60,"minecraft:chest":2,"minecraft:cherry_planks":109,"minecraft:iron_sword":16,"butchersdelight:hook":6,"minecraft:stonecutter":4,"minecraft:white_wool":2,"minecraft:stick":11,"minecraft:torch":8,"minecraft:mossy_cobblestone":2,"minecraft:dirt":10,"minecraft:crafting_table":10,"minecraft:white_bed":4,"minecraft:granite":10,"justhammers:iron_hammer":59,"waystones:waystone":2,"minecraft:wooden_axe":147,"minecraft:black_wool":3,"minecraft:iron_axe":100,"minecraft:oak_stairs":10,"minecraft:bread":2,"travelersbackpack:white_sleeping_bag":3,"minecraft:lectern":8,"minecraft:leather_helmet":1,"farmersdelight:ham":1,"minecraft:cobblestone":194,"minecraft:furnace":3,"minecraft:grindstone":1,"minecraft:yellow_bed":11,"alexsmobs:animal_dictionary":1,"minecraft:smooth_stone":1},"minecraft:killed_by":{"minecraft:creeper":1},"minecraft:picked_up":{"minecraft:pink_petals":49,"minecraft:crafting_table":2,"minecraft:cherry_planks":9,"minecraft:oak_stairs":10,"minecraft:gold_block":1,"butchersdelight:deadpig":1,"minecraft:yellow_bed":11,"minecraft:cobblestone_stairs":9,"minecraft:dirt":11,"minecraft:raw_copper":40,"minecraft:bone":11,"minecraft:stonecutter":4,"minecraft:wheat_seeds":2,"minecraft:smooth_stone":1,"minecraft:grindstone":1,"minecraft:iron_ingot":16,"minecraft:poppy":2,"minecraft:lectern":10,"minecraft:sugar_cane":2,"minecraft:oak_planks":60,"minecraft:furnace":2,"minecraft:book":24,"minecraft:stick":30,"minecraft:composter":1,"minecraft:stone_brick_slab":3,"minecraft:torch":4,"minecraft:porkchop":4,"minecraft:cherry_log":75,"minecraft:diorite":3,"minecraft:white_bed":4,"farmersdelight:ham":1,"minecraft:cauldron":4,"minecraft:mossy_cobblestone":6,"travelersbackpack:white_sleeping_bag":2,"butchersdelight:sheephide":10,"minecraft:rotten_flesh":2,"butchersdelight:deadsheep":12,"minecraft:granite":10,"minecraft:cherry_sapling":31,"supplementaries:ash":1,"butchersdelight:hook":4,"minecraft:black_wool":3,"minecraft:coal":9,"minecraft:mutton":40,"iceandfire:raw_silver":4,"minecraft:white_wool":8,"minecraft:cobblestone":274,"minecraft:sunflower":2},"minecraft:crafted":{"minecraft:cherry_planks":300,"butchersdelight:hook":2,"minecraft:iron_nugget":18,"minecraft:crafting_table":8,"farmersdelight:iron_knife":1,"minecraft:furnace":1,"minecraft:cooked_mutton":40,"minecraft:air":0,"justhammers:iron_hammer":1,"travelersbackpack:white_sleeping_bag":1,"minecraft:iron_axe":1,"minecraft:stick":12,"minecraft:wooden_axe":3,"minecraft:chest":2,"spartanshields:wooden_basic_shield":1,"minecraft:torch":32},"minecraft:broken":{"minecraft:wooden_axe":3},"minecraft:custom":{"minecraft:interact_with_furnace":4,"minecraft:mob_kills":17,"minecraft:interact_with_crafting_table":16,"minecraft:interact_with_grindstone":1,"minecraft:interact_with_stonecutter":1,"minecraft:leave_game":3,"minecraft:time_since_death":109398,"minecraft:sleep_in_bed":7,"minecraft:time_since_rest":6938,"minecraft:waystone_activated":2,"minecraft:sprint_one_cm":166397,"minecraft:damage_taken":1069,"minecraft:walk_one_cm":231920,"minecraft:drop":5,"minecraft:damage_dealt":5333,"minecraft:swim_one_cm":4038,"minecraft:talked_to_villager":20,"minecraft:fly_one_cm":237521,"minecraft:open_chest":21,"minecraft:crouch_one_cm":12423,"minecraft:play_time":140916,"minecraft:deaths":2,"minecraft:sneak_time":4290,"minecraft:walk_under_water_one_cm":176,"minecraft:jump":1196,"minecraft:walk_on_water_one_cm":650,"minecraft:total_world_time":140916,"minecraft:fall_one_cm":38806},"minecraft:dropped":{"alexsmobs:animal_dictionary":1,"minecraft:mossy_cobblestone":1,"minecraft:composter":1,"minecraft:sunflower":2,"minecraft:stone_brick_slab":3},"minecraft:killed":{"minecraft:iron_golem":4,"minecraft:sheep":9,"minecraft:zombie":3},"minecraft:mined":{"minecraft:white_bed":4,"minecraft:glass_pane":1,"minecraft:cherry_planks":9,"minecraft:cherry_log":79,"minecraft:crafting_table":2,"butchersdelight:deadsheepblock":2,"minecraft:grass_block":6,"minecraft:lectern":10,"minecraft:tall_grass":1,"travelersbackpack:white_sleeping_bag":2,"minecraft:sugar_cane":1,"minecraft:composter":1,"minecraft:oak_planks":60,"minecraft:pink_petals":12,"minecraft:furnace":2,"minecraft:yellow_bed":11,"minecraft:black_wool":1,"minecraft:grass":14,"supplementaries:stick":9,"minecraft:bookshelf":8,"butchersdelight:hook":4,"minecraft:oak_stairs":10,"minecraft:cherry_leaves":3,"minecraft:sunflower":2,"minecraft:dirt":5,"minecraft:stonecutter":1}},"DataVersion":3465}