{"stats":{"minecraft:used":{"minecraft:wooden_axe":50,"travelersbackpack:white_sleeping_bag":1,"minecraft:dirt":2,"minecraft:crafting_table":2,"alexsmobs:animal_dictionary":1},"minecraft:killed_by":{"minecraft:creeper":1},"minecraft:crafted":{"minecraft:cherry_planks":36,"travelersbackpack:white_sleeping_bag":1,"minecraft:crafting_table":2,"minecraft:stick":4,"minecraft:wooden_axe":1,"spartanshields:wooden_basic_shield":1},"minecraft:picked_up":{"minecraft:pink_petals":27,"minecraft:stick":8,"minecraft:cherry_log":39,"minecraft:dirt":2,"minecraft:rotten_flesh":1,"butchersdelight:deadsheep":5,"minecraft:cherry_sapling":18,"minecraft:black_wool":1,"minecraft:white_wool":3,"minecraft:sunflower":2},"minecraft:broken":{"minecraft:wooden_axe":1},"minecraft:custom":{"minecraft:time_since_rest":31,"minecraft:sprint_one_cm":27671,"minecraft:damage_taken":410,"minecraft:walk_one_cm":21415,"minecraft:mob_kills":7,"minecraft:drop":2,"minecraft:damage_dealt":948,"minecraft:interact_with_crafting_table":2,"minecraft:fly_one_cm":40975,"minecraft:crouch_one_cm":843,"minecraft:play_time":22867,"minecraft:deaths":1,"minecraft:sneak_time":259,"minecraft:jump":204,"minecraft:leave_game":2,"minecraft:time_since_death":16095,"minecraft:sleep_in_bed":1,"minecraft:total_world_time":22867,"minecraft:fall_one_cm":3780},"minecraft:dropped":{"alexsmobs:animal_dictionary":1,"minecraft:sunflower":2},"minecraft:killed":{"minecraft:sheep":4,"minecraft:zombie":3},"minecraft:mined":{"minecraft:pink_petals":2,"minecraft:cherry_log":43,"butchersdelight:deadsheepblock":1,"minecraft:grass":3,"minecraft:grass_block":2,"minecraft:cherry_leaves":3,"minecraft:sunflower":2}},"DataVersion":3465}