{"stats":{"minecraft:used":{"minecraft:cherry_planks":4,"butchersdelight:hook":4,"minecraft:white_wool":2,"minecraft:stick":11,"minecraft:dirt":2,"minecraft:crafting_table":10,"minecraft:white_bed":1,"minecraft:wooden_axe":147,"minecraft:black_wool":3,"minecraft:bread":2,"travelersbackpack:white_sleeping_bag":2,"minecraft:lectern":7,"minecraft:leather_helmet":1,"farmersdelight:ham":1,"alexsmobs:animal_dictionary":1},"minecraft:killed_by":{"minecraft:creeper":1},"minecraft:picked_up":{"minecraft:pink_petals":49,"minecraft:crafting_table":2,"minecraft:cherry_planks":4,"minecraft:oak_stairs":5,"butchersdelight:deadpig":1,"minecraft:dirt":2,"minecraft:bone":11,"minecraft:wheat_seeds":2,"minecraft:iron_ingot":5,"minecraft:lectern":8,"minecraft:book":9,"minecraft:stick":30,"minecraft:porkchop":4,"minecraft:cherry_log":75,"minecraft:white_bed":1,"farmersdelight:ham":1,"travelersbackpack:white_sleeping_bag":2,"butchersdelight:sheephide":10,"butchersdelight:deadsheep":12,"minecraft:rotten_flesh":2,"minecraft:cherry_sapling":31,"supplementaries:ash":1,"butchersdelight:hook":2,"minecraft:black_wool":3,"minecraft:mutton":40,"minecraft:white_wool":8,"minecraft:sunflower":2},"minecraft:crafted":{"minecraft:cherry_planks":76,"butchersdelight:hook":2,"minecraft:crafting_table":8,"minecraft:iron_nugget":18,"farmersdelight:iron_knife":1,"travelersbackpack:white_sleeping_bag":1,"minecraft:stick":4,"minecraft:wooden_axe":3,"spartanshields:wooden_basic_shield":1},"minecraft:broken":{"minecraft:wooden_axe":3},"minecraft:custom":{"minecraft:mob_kills":14,"minecraft:interact_with_crafting_table":11,"minecraft:interact_with_stonecutter":1,"minecraft:leave_game":3,"minecraft:time_since_death":71905,"minecraft:sleep_in_bed":4,"minecraft:time_since_rest":10775,"minecraft:sprint_one_cm":68878,"minecraft:damage_taken":545,"minecraft:walk_one_cm":101452,"minecraft:drop":2,"minecraft:damage_dealt":2593,"minecraft:talked_to_villager":14,"minecraft:fly_one_cm":97643,"minecraft:open_chest":4,"minecraft:play_time":103423,"minecraft:crouch_one_cm":2713,"minecraft:deaths":2,"minecraft:sneak_time":1237,"minecraft:jump":500,"minecraft:total_world_time":103423,"minecraft:fall_one_cm":13156},"minecraft:dropped":{"alexsmobs:animal_dictionary":1,"minecraft:sunflower":2},"minecraft:killed":{"minecraft:iron_golem":1,"minecraft:sheep":9,"minecraft:zombie":3},"minecraft:mined":{"minecraft:white_bed":1,"minecraft:glass_pane":1,"minecraft:cherry_planks":4,"minecraft:cherry_log":79,"minecraft:crafting_table":2,"butchersdelight:deadsheepblock":2,"minecraft:grass_block":2,"minecraft:lectern":8,"travelersbackpack:white_sleeping_bag":2,"minecraft:pink_petals":12,"minecraft:grass":11,"minecraft:black_wool":1,"minecraft:bookshelf":3,"supplementaries:stick":9,"butchersdelight:hook":2,"minecraft:oak_stairs":5,"minecraft:cherry_leaves":3,"minecraft:sunflower":2}},"DataVersion":3465}