{"stats":{"minecraft:used":{"minecraft:wooden_axe":50,"minecraft:dirt":1,"minecraft:crafting_table":1},"minecraft:killed_by":{"minecraft:creeper":1},"minecraft:picked_up":{"minecraft:stick":5,"butchersdelight:deadsheep":4,"minecraft:rotten_flesh":1,"minecraft:cherry_sapling":15,"minecraft:cherry_log":35,"minecraft:black_wool":1,"minecraft:pink_petals":24,"minecraft:dirt":1,"minecraft:white_wool":2,"minecraft:sunflower":2},"minecraft:crafted":{"minecraft:cherry_planks":36,"spartanshields:wooden_basic_shield":1,"minecraft:crafting_table":1,"minecraft:stick":4,"minecraft:wooden_axe":1},"minecraft:broken":{"minecraft:wooden_axe":1},"minecraft:custom":{"minecraft:damage_taken":320,"minecraft:time_since_rest":4134,"minecraft:crouch_one_cm":813,"minecraft:play_time":10867,"minecraft:sprint_one_cm":12853,"minecraft:walk_one_cm":12976,"minecraft:deaths":1,"minecraft:sneak_time":227,"minecraft:mob_kills":6,"minecraft:drop":1,"minecraft:jump":119,"minecraft:damage_dealt":878,"minecraft:leave_game":2,"minecraft:time_since_death":4095,"minecraft:total_world_time":10867,"minecraft:interact_with_crafting_table":1,"minecraft:fly_one_cm":20844,"minecraft:fall_one_cm":836},"minecraft:dropped":{"minecraft:sunflower":2},"minecraft:killed":{"minecraft:sheep":3,"minecraft:zombie":3},"minecraft:mined":{"minecraft:grass":2,"minecraft:grass_block":1,"minecraft:cherry_leaves":3,"minecraft:sunflower":2,"minecraft:cherry_log":43,"minecraft:pink_petals":1,"butchersdelight:deadsheepblock":1}},"DataVersion":3465}