{"stats":{"minecraft:used":{"minecraft:cobblestone_stairs":7,"minecraft:oak_planks":29,"minecraft:cherry_planks":4,"minecraft:iron_sword":15,"butchersdelight:hook":4,"minecraft:white_wool":2,"minecraft:stick":11,"minecraft:torch":2,"minecraft:mossy_cobblestone":1,"minecraft:dirt":2,"minecraft:crafting_table":10,"minecraft:white_bed":1,"justhammers:iron_hammer":4,"minecraft:wooden_axe":147,"minecraft:black_wool":3,"minecraft:iron_axe":49,"minecraft:oak_stairs":10,"minecraft:bread":2,"travelersbackpack:white_sleeping_bag":3,"minecraft:lectern":8,"minecraft:leather_helmet":1,"farmersdelight:ham":1,"alexsmobs:animal_dictionary":1},"minecraft:killed_by":{"minecraft:creeper":1},"minecraft:picked_up":{"minecraft:pink_petals":49,"minecraft:crafting_table":2,"minecraft:cherry_planks":4,"minecraft:oak_stairs":10,"butchersdelight:deadpig":1,"minecraft:cobblestone_stairs":9,"minecraft:dirt":2,"minecraft:bone":11,"minecraft:wheat_seeds":2,"minecraft:iron_ingot":9,"minecraft:lectern":8,"minecraft:oak_planks":34,"minecraft:book":24,"minecraft:stick":30,"minecraft:torch":2,"minecraft:porkchop":4,"minecraft:cherry_log":75,"minecraft:white_bed":1,"farmersdelight:ham":1,"minecraft:mossy_cobblestone":2,"travelersbackpack:white_sleeping_bag":2,"butchersdelight:sheephide":10,"minecraft:rotten_flesh":2,"butchersdelight:deadsheep":12,"minecraft:cherry_sapling":31,"supplementaries:ash":1,"butchersdelight:hook":2,"minecraft:black_wool":3,"minecraft:mutton":40,"minecraft:white_wool":8,"minecraft:cobblestone":4,"minecraft:sunflower":2},"minecraft:crafted":{"minecraft:cherry_planks":76,"butchersdelight:hook":2,"minecraft:iron_nugget":18,"minecraft:crafting_table":8,"farmersdelight:iron_knife":1,"justhammers:iron_hammer":1,"travelersbackpack:white_sleeping_bag":1,"minecraft:iron_axe":1,"minecraft:stick":4,"minecraft:wooden_axe":3,"spartanshields:wooden_basic_shield":1},"minecraft:broken":{"minecraft:wooden_axe":3},"minecraft:custom":{"minecraft:mob_kills":15,"minecraft:interact_with_crafting_table":13,"minecraft:interact_with_stonecutter":1,"minecraft:leave_game":3,"minecraft:time_since_death":79398,"minecraft:sleep_in_bed":5,"minecraft:time_since_rest":6220,"minecraft:sprint_one_cm":79134,"minecraft:damage_taken":555,"minecraft:walk_one_cm":127181,"minecraft:drop":2,"minecraft:damage_dealt":3593,"minecraft:talked_to_villager":16,"minecraft:fly_one_cm":110850,"minecraft:open_chest":4,"minecraft:crouch_one_cm":6434,"minecraft:play_time":110916,"minecraft:deaths":2,"minecraft:sneak_time":2295,"minecraft:jump":568,"minecraft:total_world_time":110916,"minecraft:fall_one_cm":15432},"minecraft:dropped":{"alexsmobs:animal_dictionary":1,"minecraft:sunflower":2},"minecraft:killed":{"minecraft:iron_golem":2,"minecraft:sheep":9,"minecraft:zombie":3},"minecraft:mined":{"minecraft:white_bed":1,"minecraft:glass_pane":1,"minecraft:cherry_planks":4,"minecraft:cherry_log":79,"minecraft:crafting_table":2,"butchersdelight:deadsheepblock":2,"minecraft:grass_block":2,"minecraft:lectern":8,"minecraft:tall_grass":1,"travelersbackpack:white_sleeping_bag":2,"minecraft:oak_planks":39,"minecraft:pink_petals":12,"minecraft:black_wool":1,"minecraft:grass":14,"supplementaries:stick":9,"minecraft:bookshelf":8,"butchersdelight:hook":2,"minecraft:oak_stairs":10,"minecraft:cherry_leaves":3,"minecraft:sunflower":2}},"DataVersion":3465}