{"stats":{"minecraft:used":{"minecraft:wooden_axe":132,"minecraft:black_wool":3,"minecraft:bread":2,"travelersbackpack:white_sleeping_bag":2,"minecraft:leather_helmet":1,"butchersdelight:hook":4,"minecraft:cherry_planks":4,"farmersdelight:ham":1,"minecraft:white_wool":2,"minecraft:stick":11,"minecraft:dirt":2,"minecraft:crafting_table":9,"minecraft:white_bed":1,"alexsmobs:animal_dictionary":1},"minecraft:killed_by":{"minecraft:creeper":1},"minecraft:crafted":{"minecraft:cherry_planks":76,"travelersbackpack:white_sleeping_bag":1,"butchersdelight:hook":2,"minecraft:iron_nugget":18,"minecraft:crafting_table":7,"farmersdelight:iron_knife":1,"minecraft:stick":4,"minecraft:wooden_axe":3,"spartanshields:wooden_basic_shield":1},"minecraft:picked_up":{"minecraft:pink_petals":49,"minecraft:stick":30,"minecraft:crafting_table":2,"minecraft:cherry_planks":4,"minecraft:porkchop":4,"butchersdelight:deadpig":1,"minecraft:cherry_log":75,"minecraft:white_bed":1,"farmersdelight:ham":1,"minecraft:dirt":2,"travelersbackpack:white_sleeping_bag":2,"minecraft:bone":11,"butchersdelight:sheephide":10,"minecraft:rotten_flesh":2,"butchersdelight:deadsheep":12,"minecraft:wheat_seeds":2,"minecraft:iron_ingot":5,"minecraft:cherry_sapling":31,"supplementaries:ash":1,"butchersdelight:hook":2,"minecraft:black_wool":3,"minecraft:mutton":40,"minecraft:white_wool":8,"minecraft:sunflower":2},"minecraft:broken":{"minecraft:wooden_axe":2},"minecraft:custom":{"minecraft:time_since_rest":19746,"minecraft:sprint_one_cm":57538,"minecraft:damage_taken":545,"minecraft:walk_one_cm":91460,"minecraft:mob_kills":14,"minecraft:drop":2,"minecraft:damage_dealt":2593,"minecraft:talked_to_villager":3,"minecraft:interact_with_crafting_table":9,"minecraft:fly_one_cm":81736,"minecraft:open_chest":4,"minecraft:crouch_one_cm":2093,"minecraft:play_time":70867,"minecraft:deaths":2,"minecraft:sneak_time":1093,"minecraft:jump":442,"minecraft:interact_with_stonecutter":1,"minecraft:leave_game":2,"minecraft:time_since_death":39349,"minecraft:sleep_in_bed":3,"minecraft:total_world_time":70867,"minecraft:fall_one_cm":12320},"minecraft:dropped":{"alexsmobs:animal_dictionary":1,"minecraft:sunflower":2},"minecraft:killed":{"minecraft:sheep":9,"minecraft:zombie":3,"minecraft:iron_golem":1},"minecraft:mined":{"minecraft:pink_petals":12,"minecraft:white_bed":1,"minecraft:glass_pane":1,"minecraft:cherry_planks":4,"minecraft:cherry_log":79,"minecraft:black_wool":1,"minecraft:crafting_table":2,"butchersdelight:deadsheepblock":2,"butchersdelight:hook":2,"supplementaries:stick":9,"minecraft:grass":11,"minecraft:grass_block":2,"minecraft:cherry_leaves":3,"minecraft:sunflower":2,"travelersbackpack:white_sleeping_bag":2}},"DataVersion":3465}