{"stats":{"minecraft:used":{"minecraft:cobblestone_stairs":9,"minecraft:oak_planks":60,"minecraft:chest":2,"minecraft:cherry_planks":80,"minecraft:iron_sword":15,"butchersdelight:hook":6,"minecraft:white_wool":2,"minecraft:stick":11,"minecraft:torch":2,"minecraft:mossy_cobblestone":2,"minecraft:dirt":10,"minecraft:crafting_table":10,"minecraft:white_bed":1,"minecraft:granite":10,"justhammers:iron_hammer":44,"waystones:waystone":1,"minecraft:wooden_axe":147,"minecraft:black_wool":3,"minecraft:iron_axe":74,"minecraft:oak_stairs":10,"minecraft:bread":2,"travelersbackpack:white_sleeping_bag":3,"minecraft:lectern":8,"minecraft:leather_helmet":1,"farmersdelight:ham":1,"minecraft:cobblestone":173,"minecraft:furnace":1,"alexsmobs:animal_dictionary":1},"minecraft:killed_by":{"minecraft:creeper":1},"minecraft:picked_up":{"minecraft:pink_petals":49,"minecraft:crafting_table":2,"minecraft:cherry_planks":6,"minecraft:oak_stairs":10,"butchersdelight:deadpig":1,"minecraft:cobblestone_stairs":9,"minecraft:dirt":11,"minecraft:raw_copper":40,"minecraft:bone":11,"minecraft:wheat_seeds":2,"minecraft:iron_ingot":9,"minecraft:lectern":10,"minecraft:oak_planks":60,"minecraft:book":24,"minecraft:stick":30,"minecraft:torch":2,"minecraft:porkchop":4,"minecraft:cherry_log":75,"minecraft:diorite":3,"minecraft:white_bed":1,"farmersdelight:ham":1,"minecraft:mossy_cobblestone":2,"travelersbackpack:white_sleeping_bag":2,"butchersdelight:sheephide":10,"minecraft:rotten_flesh":2,"butchersdelight:deadsheep":12,"minecraft:granite":10,"minecraft:cherry_sapling":31,"supplementaries:ash":1,"butchersdelight:hook":4,"minecraft:black_wool":3,"minecraft:mutton":40,"iceandfire:raw_silver":4,"minecraft:white_wool":8,"minecraft:cobblestone":234,"minecraft:sunflower":2},"minecraft:crafted":{"minecraft:cherry_planks":300,"butchersdelight:hook":2,"minecraft:iron_nugget":18,"minecraft:crafting_table":8,"farmersdelight:iron_knife":1,"minecraft:furnace":1,"justhammers:iron_hammer":1,"travelersbackpack:white_sleeping_bag":1,"minecraft:iron_axe":1,"minecraft:stick":4,"minecraft:wooden_axe":3,"minecraft:chest":2,"spartanshields:wooden_basic_shield":1},"minecraft:broken":{"minecraft:wooden_axe":3},"minecraft:custom":{"minecraft:interact_with_furnace":1,"minecraft:mob_kills":15,"minecraft:interact_with_crafting_table":15,"minecraft:interact_with_stonecutter":1,"minecraft:leave_game":3,"minecraft:time_since_death":91398,"minecraft:sleep_in_bed":6,"minecraft:time_since_rest":3701,"minecraft:waystone_activated":1,"minecraft:sprint_one_cm":96216,"minecraft:damage_taken":735,"minecraft:walk_one_cm":180053,"minecraft:drop":2,"minecraft:damage_dealt":3593,"minecraft:talked_to_villager":16,"minecraft:fly_one_cm":136638,"minecraft:open_chest":10,"minecraft:crouch_one_cm":7698,"minecraft:play_time":122916,"minecraft:deaths":2,"minecraft:sneak_time":2624,"minecraft:jump":747,"minecraft:total_world_time":122916,"minecraft:fall_one_cm":22760},"minecraft:dropped":{"alexsmobs:animal_dictionary":1,"minecraft:sunflower":2},"minecraft:killed":{"minecraft:iron_golem":2,"minecraft:sheep":9,"minecraft:zombie":3},"minecraft:mined":{"minecraft:white_bed":1,"minecraft:glass_pane":1,"minecraft:cherry_planks":6,"minecraft:cherry_log":79,"minecraft:crafting_table":2,"butchersdelight:deadsheepblock":2,"minecraft:grass_block":6,"minecraft:lectern":10,"minecraft:tall_grass":1,"travelersbackpack:white_sleeping_bag":2,"minecraft:oak_planks":60,"minecraft:pink_petals":12,"minecraft:black_wool":1,"minecraft:grass":14,"supplementaries:stick":9,"minecraft:bookshelf":8,"butchersdelight:hook":4,"minecraft:oak_stairs":10,"minecraft:cherry_leaves":3,"minecraft:sunflower":2,"minecraft:dirt":5}},"DataVersion":3465}