{"stats":{"minecraft:used":{"minecraft:wooden_axe":28,"minecraft:dirt":1,"minecraft:crafting_table":1},"minecraft:killed":{"minecraft:sheep":1,"minecraft:zombie":2},"minecraft:dropped":{"minecraft:sunflower":2},"minecraft:mined":{"minecraft:grass":2,"minecraft:grass_block":1,"minecraft:cherry_leaves":3,"minecraft:sunflower":2,"minecraft:cherry_log":27,"butchersdelight:deadsheepblock":1},"minecraft:killed_by":{"minecraft:creeper":1},"minecraft:crafted":{"minecraft:cherry_planks":36,"spartanshields:wooden_basic_shield":1,"minecraft:crafting_table":1,"minecraft:stick":4,"minecraft:wooden_axe":1},"minecraft:custom":{"minecraft:deaths":1,"minecraft:time_since_rest":160,"minecraft:crouch_one_cm":793,"minecraft:sprint_one_cm":7172,"minecraft:play_time":6893,"minecraft:damage_taken":245,"minecraft:walk_one_cm":9117,"minecraft:sneak_time":204,"minecraft:mob_kills":3,"minecraft:drop":1,"minecraft:jump":83,"minecraft:damage_dealt":618,"minecraft:leave_game":2,"minecraft:time_since_death":121,"minecraft:total_world_time":6893,"minecraft:interact_with_crafting_table":1,"minecraft:fall_one_cm":209,"minecraft:fly_one_cm":14000},"minecraft:picked_up":{"minecraft:stick":3,"minecraft:rotten_flesh":1,"butchersdelight:deadsheep":2,"minecraft:cherry_sapling":8,"minecraft:cherry_log":24,"minecraft:dirt":1,"minecraft:white_wool":1,"minecraft:sunflower":2}},"DataVersion":3465}