{"stats":{"minecraft:used":{"minecraft:wooden_axe":110,"travelersbackpack:white_sleeping_bag":2,"minecraft:leather_helmet":1,"minecraft:cherry_planks":4,"minecraft:dirt":2,"minecraft:crafting_table":8,"minecraft:white_bed":1,"alexsmobs:animal_dictionary":1},"minecraft:killed_by":{"minecraft:creeper":1},"minecraft:crafted":{"minecraft:cherry_planks":76,"travelersbackpack:white_sleeping_bag":1,"minecraft:crafting_table":7,"minecraft:stick":4,"minecraft:wooden_axe":3,"spartanshields:wooden_basic_shield":1},"minecraft:picked_up":{"minecraft:pink_petals":49,"minecraft:stick":19,"minecraft:crafting_table":1,"butchersdelight:deadpig":1,"minecraft:cherry_log":75,"minecraft:white_bed":1,"minecraft:dirt":2,"travelersbackpack:white_sleeping_bag":2,"minecraft:rotten_flesh":2,"butchersdelight:deadsheep":12,"minecraft:cherry_sapling":31,"supplementaries:ash":1,"minecraft:black_wool":2,"minecraft:white_wool":8,"minecraft:sunflower":2},"minecraft:broken":{"minecraft:wooden_axe":2},"minecraft:custom":{"minecraft:time_since_rest":3387,"minecraft:sprint_one_cm":46129,"minecraft:damage_taken":545,"minecraft:walk_one_cm":64912,"minecraft:mob_kills":13,"minecraft:drop":2,"minecraft:damage_dealt":2093,"minecraft:interact_with_crafting_table":7,"minecraft:fly_one_cm":69005,"minecraft:open_chest":1,"minecraft:crouch_one_cm":1535,"minecraft:play_time":34867,"minecraft:deaths":2,"minecraft:sneak_time":744,"minecraft:jump":384,"minecraft:leave_game":2,"minecraft:time_since_death":3349,"minecraft:sleep_in_bed":1,"minecraft:total_world_time":34867,"minecraft:fall_one_cm":10648},"minecraft:dropped":{"alexsmobs:animal_dictionary":1,"minecraft:sunflower":2},"minecraft:killed":{"minecraft:sheep":9,"minecraft:zombie":3},"minecraft:mined":{"minecraft:pink_petals":12,"minecraft:white_bed":1,"minecraft:cherry_log":79,"minecraft:crafting_table":1,"butchersdelight:deadsheepblock":2,"minecraft:grass":6,"minecraft:grass_block":2,"minecraft:cherry_leaves":3,"minecraft:sunflower":2,"travelersbackpack:white_sleeping_bag":2}},"DataVersion":3465}